,Date,Steps,Distancia,Calories
0,2020-12-02,9580,7.10861,1904
1,2020-12-03,3818,2.44533,1516
2,2020-12-04,2029,1.17035,1604
3,2020-12-05,0,0.0,1239
4,2020-12-06,0,0.0,1240
5,2020-12-07,7135,5.41168,1807
6,2020-12-08,3686,2.32945,1523
7,2020-12-09,0,0.0,1237
8,2020-12-10,1816,0.828,1527
9,2020-12-11,8217,6.22349,1709
10,2020-12-12,6897,4.27039,1675
11,2020-12-13,0,0.0,1232
12,2020-12-14,2396,1.2215399999999998,1554
13,2020-12-15,4616,3.5728199999999997,1521
14,2020-12-16,0,0.0,1231
15,2020-12-17,3086,1.96877,1438
16,2020-12-18,1153,0.63152,1486
17,2020-12-19,0,0.0,1236
18,2020-12-20,8019,6.296749999999999,1761
19,2020-12-21,4078,2.75704,1521
20,2020-12-22,0,0.0,1232
21,2020-12-23,2090,1.09903,1505
22,2020-12-24,7334,5.04493,1673
23,2020-12-25,0,0.0,1235
24,2020-12-26,0,0.0,1235
25,2020-12-27,0,0.0,1235
26,2020-12-28,0,0.0,1235
27,2020-12-29,0,0.0,1230
28,2020-12-30,0,0.0,1228
29,2020-12-31,0,0.0,1228
30,2021-01-01,0,0.0,1227
31,2021-01-02,0,0.0,1227
32,2021-01-03,0,0.0,1227
33,2021-01-04,0,0.0,1226
34,2021-01-05,0,0.0,1226
35,2021-01-06,3724,2.4146199999999998,1528
36,2021-01-07,4313,2.7965,1529
37,2021-01-08,5188,3.3256699999999997,1639
38,2021-01-09,0,0.0,1225
39,2021-01-10,3677,2.45566,1389
40,2021-01-11,3250,2.10728,1592
41,2021-01-12,3243,2.10277,1516
42,2021-01-13,0,0.0,1229
43,2021-01-14,5055,3.2776699999999996,1864
44,2021-01-15,6631,4.21912,1626
45,2021-01-16,903,0.5855199999999999,1309
46,2021-01-17,4469,2.88082,1495
47,2021-01-18,3610,2.34071,1635
48,2021-01-19,3592,2.32903,1623
49,2021-01-20,3240,2.1008199999999997,1543
50,2021-01-21,0,0.0,1236
51,2021-01-22,0,0.0,1236
52,2021-01-23,0,0.0,1236
53,2021-01-24,0,0.0,1236
54,2021-01-25,0,0.0,1236
55,2021-01-26,0,0.0,1236
56,2021-01-27,0,0.0,1236
57,2021-01-28,0,0.0,1237
58,2021-01-29,4187,2.71487,1607
59,2021-01-30,0,0.0,1236
60,2021-01-31,2607,2.07687,1362
61,2021-02-01,4018,2.60525,1589
62,2021-02-02,4164,2.69984,1587
63,2021-02-03,2513,1.6294199999999999,1454
64,2021-02-04,4052,2.62728,1698
65,2021-02-05,4629,3.00135,1616
66,2021-02-06,998,0.60942,1317
67,2021-02-07,0,0.0,1237
68,2021-02-08,2809,1.82137,1486
69,2021-02-09,2556,1.6572399999999998,1530
70,2021-02-10,3633,2.35553,1520
71,2021-02-11,5786,3.75153,1695
72,2021-02-12,5002,3.24321,1610
73,2021-02-13,0,0.0,1237
74,2021-02-14,0,0.0,1237
75,2021-02-15,0,0.0,1237
76,2021-02-16,3786,2.45482,1616
77,2021-02-17,3639,2.3594399999999998,1575
78,2021-02-18,4439,2.8781499999999998,1668
79,2021-02-19,7674,4.97575,1960
80,2021-02-20,6682,5.1356399999999995,1638
81,2021-02-21,0,0.0,1238
82,2021-02-22,4799,3.1116099999999998,1749
83,2021-02-23,2803,1.8174599999999999,1525
84,2021-02-24,4343,2.8159199999999998,1666
85,2021-02-25,3165,2.05219,1621
86,2021-02-26,4202,2.72456,1798
87,2021-02-27,6487,4.76889,1648
88,2021-02-28,3212,2.0248999999999997,1504
89,2021-03-01,4590,2.95275,1657
90,2021-03-02,4484,2.89832,1602
91,2021-03-03,4965,3.21922,1604
92,2021-03-04,0,0.0,1246
93,2021-03-05,6005,3.82162,1724
94,2021-03-06,0,0.0,1246
95,2021-03-07,0,0.0,1246
96,2021-03-08,9016,5.84521,2194
97,2021-03-09,3292,2.13453,1503
98,2021-03-10,4638,3.00725,1688
99,2021-03-11,3440,2.23047,1488
100,2021-03-12,4784,3.1018499999999998,1699
101,2021-03-13,6088,4.5501,1625
102,2021-03-14,4162,2.68721,1562
103,2021-03-15,5047,3.2354499999999997,1737
104,2021-03-16,4497,2.91585,1798
105,2021-03-17,6261,4.05952,1697
106,2021-03-18,4002,2.59482,1567
107,2021-03-19,5035,3.2645999999999997,1658
108,2021-03-20,6806,5.09328,1732
109,2021-03-21,1175,0.46297,1536
110,2021-03-22,4653,2.9515,1796
111,2021-03-23,4468,2.89703,1639
112,2021-03-24,6143,3.85932,1777
113,2021-03-25,5922,3.84855,1684
114,2021-03-26,3892,2.41784,1572
115,2021-03-27,0,0.0,1271
116,2021-03-28,4222,2.59525,1605
117,2021-03-29,6225,3.96872,1728
118,2021-03-30,6780,4.41122,1977
119,2021-03-31,2842,1.8303699999999998,1516
120,2021-04-01,2970,1.92566,1519
121,2021-04-02,0,0.0,1272
122,2021-04-03,0,0.0,1272
123,2021-04-04,0,0.0,1272
124,2021-04-05,3772,2.35817,1732
125,2021-04-06,6900,4.3253699999999995,2064
126,2021-04-07,3283,2.1286899999999997,1560
127,2021-04-08,3797,2.379,1578
128,2021-04-09,4705,2.89891,1709
129,2021-04-10,0,0.0,1273
130,2021-04-11,0,0.0,1273
131,2021-04-12,4383,2.77385,1717
132,2021-04-13,6382,4.00178,1829
133,2021-04-14,5421,3.51496,1815
134,2021-04-15,3159,1.99768,1550
135,2021-04-16,5650,3.58874,1684
136,2021-04-17,0,0.0,1273
137,2021-04-18,0,0.0,1273
138,2021-04-19,5541,3.42285,1803
139,2021-04-20,3776,2.3892599999999997,1698
140,2021-04-21,2759,1.7888899999999999,1494
141,2021-04-22,5991,3.8671699999999998,1822
142,2021-04-23,3983,2.5495,1585
143,2021-04-24,0,0.0,1273
144,2021-04-25,0,0.0,1273
145,2021-04-26,5749,3.6951199999999997,1752
146,2021-04-27,5343,3.46425,1699
147,2021-04-28,2693,1.7461,1541
148,2021-04-29,5614,3.58743,1731
149,2021-04-30,5144,3.26001,1665
150,2021-05-01,0,0.0,1273
151,2021-05-02,0,0.0,1273
152,2021-05-03,4342,2.81534,1618
153,2021-05-04,4482,2.90603,1639
154,2021-05-05,3155,2.04567,1529
155,2021-05-06,4575,2.90477,1627
156,2021-05-07,5005,3.16864,1672
157,2021-05-08,0,0.0,1274
158,2021-05-09,0,0.0,1273
159,2021-05-10,4989,3.1485399999999997,1711
160,2021-05-11,4282,2.77649,1590
161,2021-05-12,4018,2.6052299999999997,1587
162,2021-05-13,3891,2.52292,1582
163,2021-05-14,3295,2.1365,1504
164,2021-05-15,0,0.0,1274
165,2021-05-16,0,0.0,1273
166,2021-05-17,7595,5.2056499999999994,1877
167,2021-05-18,4651,3.01567,1626
168,2021-05-19,2657,1.72277,1508
169,2021-05-20,4871,3.0038899999999997,1658
170,2021-05-21,6166,3.9979099999999996,1824
171,2021-05-22,0,0.0,1275
172,2021-05-23,0,0.0,1275
173,2021-05-24,0,0.0,1275
174,2021-05-25,6754,4.2385,1813
175,2021-05-26,4562,2.95795,1600
176,2021-05-27,3480,2.26818,1535
177,2021-05-28,5655,3.65107,1681
178,2021-05-29,0,0.0,1275
179,2021-05-30,0,0.0,1275
180,2021-05-31,6550,4.10551,1788
181,2021-06-01,5666,3.67371,1821
182,2021-06-02,5318,3.38653,1804
183,2021-06-03,3597,2.2699599999999998,1605
184,2021-06-04,4436,2.8762499999999998,1675
185,2021-06-05,0,0.0,1275
186,2021-06-06,0,0.0,1275
187,2021-06-07,5157,3.34372,2091
188,2021-06-08,4391,2.847,1605
189,2021-06-09,0,0.0,1275
190,2021-06-10,3525,2.22525,1528
191,2021-06-11,5192,3.31,1683
192,2021-06-12,0,0.0,1275
193,2021-06-13,3674,2.21812,1581
194,2021-06-14,3492,2.19992,1585
195,2021-06-15,5693,3.59121,1703
196,2021-06-16,3085,1.91461,1534
197,2021-06-17,5039,3.26722,1625
198,2021-06-18,6066,3.8948699999999996,1715
199,2021-06-19,0,0.0,1275
200,2021-06-20,0,0.0,1275
201,2021-06-21,3577,2.31933,1611
202,2021-06-22,6210,4.00896,1704
203,2021-06-23,5332,3.4571699999999996,1676
204,2021-06-24,4763,3.08819,1640
205,2021-06-25,3576,2.2532,1537
206,2021-06-26,0,0.0,1275
207,2021-06-27,0,0.0,1275
208,2021-06-28,4408,2.78217,1702
209,2021-06-29,7267,4.69627,1919
210,2021-06-30,7006,4.542619999999999,1798
211,2021-07-01,0,0.0,1275
212,2021-07-02,0,0.0,1275
213,2021-07-03,7797,5.05581,1644
214,2021-07-04,3254,2.04893,1711
215,2021-07-05,2720,1.7636399999999999,1531
216,2021-07-06,5057,3.24518,1637
217,2021-07-07,6774,4.1800999999999995,1747
218,2021-07-08,3349,2.17149,1539
219,2021-07-09,5227,3.38904,1702
220,2021-07-10,0,0.0,1275
221,2021-07-11,0,0.0,1275
222,2021-07-12,5942,3.86129,2215
223,2021-07-13,8659,5.614459999999999,1936
224,2021-07-14,7159,4.5736799999999995,1857
225,2021-07-15,5124,3.29772,1667
226,2021-07-16,6709,4.3454,1819
227,2021-07-17,8148,5.60834,1770
228,2021-07-18,1613,0.8999699999999999,1595
229,2021-07-19,2227,1.37131,1471
230,2021-07-20,3849,2.42365,1604
231,2021-07-21,4392,2.84775,1649
232,2021-07-22,4226,2.74011,1618
233,2021-07-23,4351,2.8211399999999998,1653
234,2021-07-24,0,0.0,1279
235,2021-07-25,9808,6.25807,1864
236,2021-07-26,3681,2.3867499999999997,1559
237,2021-07-27,8367,5.883109999999999,1853
238,2021-07-28,7624,4.68522,1991
239,2021-07-29,5479,3.49546,1670
240,2021-07-30,4307,2.79268,1589
241,2021-07-31,4205,2.58479,1642
242,2021-08-01,4303,3.11773,1588
243,2021-08-02,0,0.0,1271
244,2021-08-03,5440,3.5272099999999997,1704
245,2021-08-04,5280,3.42337,1687
246,2021-08-05,4132,2.6791199999999997,1585
247,2021-08-06,3610,2.3407299999999998,1542
248,2021-08-07,3224,2.0903899999999997,1608
249,2021-08-08,9028,6.54325,2005
250,2021-08-09,3674,2.3822,1581
251,2021-08-10,7928,5.11039,1911
252,2021-08-11,4486,2.83732,1639
253,2021-08-12,8107,5.5056899999999995,1890
254,2021-08-13,3380,2.1915199999999997,1624
255,2021-08-14,2892,1.6931699999999998,1801
256,2021-08-15,0,0.0,1261
257,2021-08-16,4703,2.99041,1612
258,2021-08-17,5009,3.18552,1635
259,2021-08-18,4159,2.69657,1655
260,2021-08-19,4623,2.99756,1622
261,2021-08-20,4303,2.77173,1585
262,2021-08-21,0,0.0,1259
263,2021-08-22,0,0.0,1259
264,2021-08-23,7421,4.811599999999999,1870
265,2021-08-24,6097,3.8863999999999996,1754
266,2021-08-25,5086,3.24513,1682
267,2021-08-26,10032,7.10331,1907
268,2021-08-27,5926,3.7266399999999997,1718
269,2021-08-28,3547,2.28505,1549
270,2021-08-29,8278,5.40196,1674
271,2021-08-30,9630,5.90426,2239
272,2021-08-31,9474,6.776409999999999,1978
273,2021-09-01,6588,4.20285,1796
274,2021-09-02,10898,7.04667,2066
275,2021-09-03,5448,3.35484,1804
276,2021-09-04,9115,5.76704,1762
277,2021-09-05,18967,12.63528,2208
278,2021-09-06,10578,6.84167,1829
279,2021-09-07,6573,4.2618,1858
280,2021-09-08,6490,4.10739,1891
281,2021-09-09,5510,3.4259899999999996,1740
282,2021-09-10,4365,2.83016,1692
283,2021-09-11,3702,2.34775,1622
284,2021-09-12,8250,6.30242,1962
285,2021-09-13,7038,4.53536,1959
286,2021-09-14,7605,4.91618,2033
287,2021-09-15,5450,3.53373,1687
288,2021-09-16,4329,2.7420299999999997,1613
289,2021-09-17,4652,3.0163499999999996,1635
290,2021-09-18,9502,6.9276,1923
291,2021-09-19,2265,1.22871,1748
292,2021-09-20,7251,4.70146,2108
293,2021-09-21,10823,6.99221,2283
294,2021-09-22,3143,2.03793,1538
295,2021-09-23,7779,5.293489999999999,1917
296,2021-09-24,5392,3.4662699999999997,1682
297,2021-09-25,4636,2.9398,1978
298,2021-09-26,5939,3.84379,1667
299,2021-09-27,4624,2.99816,1660
300,2021-09-28,6605,4.20942,1662
301,2021-09-29,5158,3.34169,1636
302,2021-09-30,5195,3.3683699999999996,1644
303,2021-10-01,6785,4.36421,1894
304,2021-10-02,18532,12.018289999999999,2316
305,2021-10-03,8165,5.25519,1767
306,2021-10-04,8826,5.7571699999999995,1766
307,2021-10-05,5274,3.41965,1618
308,2021-10-06,2746,1.8914,1371
309,2021-10-07,5899,3.8249199999999997,1614
310,2021-10-08,7751,5.0528699999999995,1817
311,2021-10-09,7688,4.95902,1809
312,2021-10-10,24976,16.98048,2608
313,2021-10-11,6590,4.2198199999999995,1602
314,2021-10-12,10538,6.878279999999999,1928
315,2021-10-13,3599,2.33357,1532
316,2021-10-14,4363,2.82889,1565
317,2021-10-15,10082,6.94027,1843
318,2021-10-16,7461,4.94318,1665
319,2021-10-17,6433,4.270919999999999,1641
320,2021-10-18,3841,2.49042,1635
321,2021-10-19,4447,2.88334,1675
322,2021-10-20,10964,7.39314,1958
323,2021-10-21,4019,2.60575,1618
324,2021-10-22,5395,3.48508,1545
325,2021-10-23,14070,9.83382,2135
326,2021-10-24,17563,11.85277,2487
327,2021-10-25,21422,14.86789,2287
328,2021-10-26,14980,10.014569999999999,2311
329,2021-10-27,18290,12.615599999999999,2114
330,2021-10-28,13122,9.079609999999999,2360
331,2021-10-29,13285,8.78389,2117
332,2021-10-30,6558,4.40669,1619
333,2021-10-31,1334,0.8649699999999999,1368
334,2021-11-01,4782,2.9520999999999997,1622
335,2021-11-02,3538,2.2797,1521
336,2021-11-03,4127,2.67588,1570
337,2021-11-04,5987,3.9001699999999997,1682
338,2021-11-05,5713,3.7241,1650
339,2021-11-06,8738,5.81016,1741
340,2021-11-07,12767,8.49591,1869
341,2021-11-08,7093,4.6258099999999995,1746
342,2021-11-09,2807,1.8533799999999998,1488
343,2021-11-10,6096,3.96392,1711
344,2021-11-11,0,0.0,1270
345,2021-11-12,7465,4.853009999999999,1854
346,2021-11-13,5232,3.40103,1640
347,2021-11-14,3460,2.30845,1456
348,2021-11-15,10052,6.497999999999999,2017
349,2021-11-16,6892,4.45873,1694
350,2021-11-17,6282,4.092569999999999,1721
351,2021-11-18,6828,4.44817,1737
352,2021-11-19,4388,2.8178699999999997,1581
353,2021-11-20,6511,4.21682,1751
354,2021-11-21,7736,4.94776,1834
355,2021-11-22,6659,4.27814,1731
356,2021-11-23,4771,3.09347,1799
357,2021-11-24,0,0.0,1271
358,2021-11-25,2670,1.69488,1454
359,2021-11-26,5522,3.5225999999999997,1919
360,2021-11-27,4585,2.93871,1650
361,2021-11-28,6113,4.05425,1907
362,2021-11-29,0,0.0,1270
363,2021-11-30,5195,3.36834,1638
364,2021-12-01,5801,3.76125,1683
365,2021-12-02,3517,2.2803999999999998,1540
366,2021-12-03,8885,5.7778599999999996,1902
367,2021-12-04,7259,4.71321,1721
368,2021-12-05,0,0.0,1270
369,2021-12-06,6,0.00389,1272
370,2021-12-07,4356,2.85274,1543
371,2021-12-08,3769,2.43503,1529
372,2021-12-09,4907,3.20152,1670
373,2021-12-10,8636,5.59153,1917
374,2021-12-11,8245,5.34601,1692
375,2021-12-12,143,0.09272,1280
376,2021-12-13,6963,4.514679999999999,1760
377,2021-12-14,5273,3.34042,1618
378,2021-12-15,5073,3.2892799999999998,1598
379,2021-12-16,6352,4.10691,1704
380,2021-12-17,6685,4.293019999999999,1716
381,2021-12-18,3027,1.98637,1548
382,2021-12-19,0,0.0,1270
383,2021-12-20,3658,2.37175,1545
384,2021-12-21,0,0.0,1270
385,2021-12-22,0,0.0,1271
386,2021-12-23,4668,3.02664,1603
387,2021-12-24,5221,3.38509,1632
388,2021-12-25,0,0.0,1270
389,2021-12-26,4674,3.18262,1602
390,2021-12-27,7737,5.02309,1815
391,2021-12-28,10793,7.35987,1800
392,2021-12-29,5793,3.60688,1694
393,2021-12-30,3192,2.0697099999999997,1490
394,2021-12-31,0,0.0,1271
395,2022-01-01,0,0.0,1270
396,2022-01-02,4974,2.8676999999999997,1628
397,2022-01-03,7569,4.96546,1818
398,2022-01-04,4269,2.80125,1569
399,2022-01-05,4726,3.04831,1635
400,2022-01-06,5825,3.7768699999999997,1695
401,2022-01-07,8857,5.795929999999999,1885
402,2022-01-08,0,0.0,1271
403,2022-01-09,2032,1.31757,1369
404,2022-01-10,5213,3.3799599999999996,1649
405,2022-01-11,3729,2.4372499999999997,1595
406,2022-01-12,3451,2.23761,1547
407,2022-01-13,5153,3.351,1694
408,2022-01-14,7893,5.1376,1777
409,2022-01-15,0,0.0,1271
410,2022-01-16,0,0.0,1270
411,2022-01-17,0,0.0,1270
412,2022-01-18,0,0.0,1270
413,2022-01-19,4803,3.11416,1633
414,2022-01-20,4409,2.8802399999999997,1614
415,2022-01-21,5365,3.44095,1673
416,2022-01-22,4642,3.0097799999999997,1660
417,2022-01-23,0,0.0,1271
418,2022-01-24,6209,4.02585,1927
419,2022-01-25,6936,4.49721,1885
420,2022-01-26,4902,3.17835,1645
421,2022-01-27,4565,2.9924399999999998,1615
422,2022-01-28,5118,3.32292,1608
423,2022-01-29,0,0.0,1270
424,2022-01-30,3666,2.3769199999999997,1559
425,2022-01-31,3322,2.1781699999999997,1549
426,2022-02-01,4846,3.10642,1607
427,2022-02-02,11310,7.92664,2074
428,2022-02-03,4448,2.884,1604
429,2022-02-04,5077,3.2841,1627
430,2022-02-05,0,0.0,1268
431,2022-02-06,0,0.0,1268
432,2022-02-07,6300,4.08871,1743
433,2022-02-08,4751,3.04807,1641
434,2022-02-09,3902,2.53011,1542
435,2022-02-10,4684,3.03706,1600
436,2022-02-11,6202,4.02144,1679
437,2022-02-12,0,0.0,1267
438,2022-02-13,1766,1.1025,1388
439,2022-02-14,6085,3.88714,1665
440,2022-02-15,0,0.0,1267
441,2022-02-16,7285,5.3078199999999995,1816
442,2022-02-17,3307,2.14425,1585
443,2022-02-18,3903,2.52413,1540
444,2022-02-19,0,0.0,1271
445,2022-02-20,4310,2.88196,1529
446,2022-02-21,4813,3.7120499999999996,1497
447,2022-02-22,5005,3.26369,1682
448,2022-02-23,3694,2.39517,1531
449,2022-02-24,2450,1.58855,1454
450,2022-02-25,2666,1.7286299999999999,1456
451,2022-02-26,0,0.0,1271
452,2022-02-27,0,0.0,1271
453,2022-02-28,7977,5.67707,1854
454,2022-03-01,7977,5.11662,1877
455,2022-03-02,2747,1.7811599999999999,1477
456,2022-03-03,9568,6.17645,1980
457,2022-03-04,4061,2.6332199999999997,1562
458,2022-03-05,0,0.0,1273
459,2022-03-06,5187,3.69304,1716
460,2022-03-07,3640,2.3601799999999997,1536
461,2022-03-08,0,0.0,1272
462,2022-03-09,3902,2.53009,1535
463,2022-03-10,2931,1.90042,1468
464,2022-03-11,2293,1.48677,1429
465,2022-03-12,7,0.00453,1274
466,2022-03-13,5947,3.85621,1537
467,2022-03-14,2100,1.3311,1466
468,2022-03-15,9845,6.67882,2165
469,2022-03-16,3179,2.06121,1540
470,2022-03-17,1311,0.8500099999999999,1424
471,2022-03-18,0,0.0,1275
472,2022-03-19,0,0.0,1275
473,2022-03-20,0,0.0,1276
474,2022-03-21,4731,2.89525,1816
475,2022-03-22,4131,2.67848,1696
476,2022-03-23,0,0.0,1276
477,2022-03-24,2708,1.7558399999999998,1493
478,2022-03-25,3490,2.18892,1522
479,2022-03-26,0,0.0,1276
480,2022-03-27,3408,1.8285699999999998,1655
481,2022-03-28,2799,1.8148,1528
482,2022-03-29,4411,2.7948899999999997,1722
483,2022-03-30,0,0.0,1283
484,2022-03-31,5001,3.5061899999999997,1588
485,2022-04-01,3284,2.07301,1600
486,2022-04-02,0,0.0,1284
487,2022-04-03,171,0.11087,1408
488,2022-04-04,0,0.0,1284
489,2022-04-05,0,0.0,1284
490,2022-04-06,0,0.0,1284
491,2022-04-07,7,0.00453,1285
492,2022-04-08,149,0.09659999999999999,1313
493,2022-04-09,8,0.00518,1286
494,2022-04-10,0,0.0,1284
495,2022-04-11,289,0.18738,1397
496,2022-04-12,0,0.0,1284
497,2022-04-13,0,0.0,1284
498,2022-04-14,146,0.09466999999999999,1300
499,2022-04-15,0,0.0,1284
500,2022-04-16,0,0.0,1284
501,2022-04-17,193,0.12514,1453
502,2022-04-18,0,0.0,1284
503,2022-04-19,0,0.0,1284
504,2022-04-20,0,0.0,1284
505,2022-04-21,0,0.0,1284
506,2022-04-22,0,0.0,1284
507,2022-04-23,0,0.0,1284
508,2022-04-24,0,0.0,1284
509,2022-04-25,4199,3.05076,1528
510,2022-04-26,0,0.0,1281
511,2022-04-27,2406,1.2271999999999998,1587
512,2022-04-28,877,0.62107,1328
513,2022-04-29,564,0.36569999999999997,1309
514,2022-04-30,0,0.0,1278
515,2022-05-01,3195,1.8448499999999999,1586
516,2022-05-02,7865,4.6662799999999995,2062
517,2022-05-03,10125,6.88798,1970
518,2022-05-04,13205,8.54425,2130
519,2022-05-05,10035,6.489249999999999,2076
520,2022-05-06,6173,4.05021,1802
521,2022-05-07,1850,1.19953,1417
522,2022-05-08,5047,2.99936,1708
523,2022-05-09,10061,6.2443,2098
524,2022-05-10,10944,6.89576,2115
525,2022-05-11,8802,5.73574,1812
526,2022-05-12,5166,3.37338,1665
527,2022-05-13,5723,3.73458,1767
528,2022-05-14,9976,6.51103,1865
529,2022-05-15,4669,2.6907699999999997,1693
530,2022-05-16,6371,4.17212,1680
531,2022-05-17,5999,3.9185299999999996,1816
532,2022-05-18,12566,9.5288,1972
533,2022-05-19,8596,6.6907,1826
534,2022-05-20,10261,7.7603,2057
535,2022-05-21,3757,2.4282,1566
536,2022-05-22,6586,4.72899,1662
537,2022-05-23,9383,6.276599999999999,2145
538,2022-05-24,10072,6.217169999999999,2151
539,2022-05-25,14804,10.761099999999999,2092
540,2022-05-26,4341,2.83349,1634
541,2022-05-27,7834,4.0965,1996
542,2022-05-28,6259,4.07032,1789
543,2022-05-29,8116,5.55336,1877
544,2022-05-30,7686,4.9374199999999995,1904
545,2022-05-31,4929,3.22689,1695
546,2022-06-01,0,0.0,1282
547,2022-06-02,0,0.0,1282
548,2022-06-03,0,0.0,1282
549,2022-06-04,0,0.0,1282
550,2022-06-05,4113,2.54703,1626
551,2022-06-06,0,0.0,1289
552,2022-06-07,0,0.0,1292
553,2022-06-08,0,0.0,1293
554,2022-06-09,0,0.0,1293
555,2022-06-10,0,0.0,1293
556,2022-06-11,0,0.0,1294
557,2022-06-12,5074,3.63592,1705
558,2022-06-13,0,0.0,1296
559,2022-06-14,2953,1.86218,1636
560,2022-06-15,0,0.0,1294
561,2022-06-16,0,0.0,1294
562,2022-06-17,0,0.0,1294
563,2022-06-18,0,0.0,1293
564,2022-06-19,6257,4.4025099999999995,1753
565,2022-06-20,0,0.0,1284
566,2022-06-21,2813,1.75172,1600
567,2022-06-22,0,0.0,1279
568,2022-06-23,0,0.0,1278
569,2022-06-24,0,0.0,1278
570,2022-06-25,10184,5.558,2093
571,2022-06-26,6278,4.26461,1862
572,2022-06-27,2894,1.79253,1532
573,2022-06-28,2141,0.82734,1577
574,2022-06-29,5596,3.6746,1608
575,2022-06-30,3517,2.21982,1524
576,2022-07-01,0,0.0,1272
577,2022-07-02,10061,6.46385,1811
578,2022-07-03,6934,3.64458,1805
579,2022-07-04,3183,0.77149,1560
580,2022-07-05,0,0.0,1272
581,2022-07-06,4140,2.58778,1568
582,2022-07-07,6069,3.8727,1623
583,2022-07-08,1998,0.69183,1567
584,2022-07-09,5847,3.71028,1709
585,2022-07-10,15005,9.93934,2135
586,2022-07-11,0,0.0,1270
587,2022-07-12,0,0.0,1270
588,2022-07-13,0,0.0,1270
589,2022-07-14,2466,0.6652399999999999,1591
590,2022-07-15,5137,3.17283,1704
591,2022-07-16,8706,5.888809999999999,1925
592,2022-07-17,2616,0.81209,1557
593,2022-07-18,3632,2.36068,1593
594,2022-07-19,5601,3.7849199999999996,1649
595,2022-07-20,0,0.0,1267
596,2022-07-21,2466,0.92657,1564
597,2022-07-22,3937,2.44002,1530
598,2022-07-23,9191,4.78391,1962
599,2022-07-24,5302,3.43003,1642
600,2022-07-25,3076,0.5706,1586
601,2022-07-26,4820,3.00303,1605
602,2022-07-27,2451,0.58163,1556
603,2022-07-28,0,0.0,1264
604,2022-07-29,5668,3.7834,1600
605,2022-07-30,20571,11.924439999999999,2382
606,2022-07-31,5022,3.23338,1623
607,2022-08-01,6724,4.3709999999999996,1722
608,2022-08-02,0,0.0,1264
609,2022-08-03,2987,0.6868,1571
610,2022-08-04,3872,2.5123599999999997,1541
611,2022-08-05,0,0.0,1264
612,2022-08-06,8290,3.9010599999999998,2045
613,2022-08-07,4670,1.19827,1785
614,2022-08-08,0,0.0,1267
615,2022-08-09,8382,5.4765999999999995,1914
616,2022-08-10,8759,3.82489,2053
617,2022-08-11,4705,3.0641,1651
618,2022-08-12,4216,0.64061,1654
619,2022-08-13,5527,1.4588999999999999,1807
620,2022-08-14,4974,1.47735,1730
621,2022-08-15,10,0.00647,1260
622,2022-08-16,3933,0.91553,1636
623,2022-08-17,4177,2.72409,1533
624,2022-08-18,5317,3.41702,1661
625,2022-08-19,2952,0.79948,1475
626,2022-08-20,6115,2.4392799999999997,1831
627,2022-08-21,4989,1.2244199999999998,1658
628,2022-08-22,0,0.0,1259
629,2022-08-23,6356,4.3077499999999995,1711
630,2022-08-24,4991,3.28709,1589
631,2022-08-25,3981,0.63576,1569
632,2022-08-26,2914,1.30832,1540
633,2022-08-27,17842,10.697239999999999,2231
634,2022-08-28,5328,1.66361,1735
635,2022-08-29,0,0.0,1255
636,2022-08-30,6115,4.3694,1640
637,2022-08-31,3398,0.68792,1507
638,2022-09-01,3774,2.4926299999999997,1583
639,2022-09-02,4643,0.5654,1621
640,2022-09-03,7308,4.67749,1757
641,2022-09-04,8081,5.23464,1687
642,2022-09-05,4874,1.31828,1652
643,2022-09-06,0,0.0,1259
644,2022-09-07,0,0.0,1259
645,2022-09-08,0,0.0,1259
646,2022-09-09,0,0.0,1259
647,2022-09-10,7475,2.7206799999999998,1957
648,2022-09-11,5342,2.81338,1737
649,2022-09-12,0,0.0,1260
650,2022-09-13,3703,0.66138,1597
651,2022-09-14,0,0.0,1260
652,2022-09-15,3422,2.31688,1533
653,2022-09-16,0,0.0,1260
654,2022-09-17,7257,2.1795299999999997,1932
655,2022-09-18,0,0.0,1260
656,2022-09-19,0,0.0,1260
657,2022-09-20,0,0.0,1260
658,2022-09-21,4,0.00259,1261
659,2022-09-22,0,0.0,1260
660,2022-09-23,0,0.0,1260
661,2022-09-24,8148,5.30533,1703
662,2022-09-25,0,0.0,1260
663,2022-09-26,3741,0.67763,1585
664,2022-09-27,3492,2.35064,1563
665,2022-09-28,0,0.0,1260
666,2022-09-29,0,0.0,1260
667,2022-09-30,0,0.0,1260
668,2022-10-01,0,0.0,1260
669,2022-10-02,3702,2.306,1655
670,2022-10-03,0,0.0,1260
671,2022-10-04,0,0.0,1260
672,2022-10-05,0,0.0,1260
673,2022-10-06,0,0.0,1260
674,2022-10-07,0,0.0,1260
675,2022-10-08,0,0.0,1260
676,2022-10-09,6049,1.83731,1985
677,2022-10-10,21341,14.567649999999999,2322
678,2022-10-11,5651,3.66389,1724
679,2022-10-12,5151,3.3288499999999996,1632
680,2022-10-13,6389,4.11135,1756
681,2022-10-14,8225,5.25967,1788
682,2022-10-15,0,0.0,1261
683,2022-10-16,0,0.0,1260
684,2022-10-17,5572,3.5349899999999996,1691
685,2022-10-18,7518,4.86278,1787
686,2022-10-19,0,0.0,1260
687,2022-10-20,0,0.0,1260
688,2022-10-21,17,0.01102,1262
689,2022-10-22,0,0.0,1260
690,2022-10-23,8041,4.99865,1712
691,2022-10-24,4226,2.70439,1582
692,2022-10-25,3979,2.57996,1618
693,2022-10-26,5967,3.86306,1667
694,2022-10-27,0,0.0,1260
695,2022-10-28,15035,10.13379,2100
696,2022-10-29,8358,3.1724699999999997,1938
697,2022-10-30,8791,3.55166,2241
698,2022-10-31,0,0.0,1258
699,2022-11-01,4800,3.10054,1607
700,2022-11-02,6549,2.40618,1788
701,2022-11-03,0,0.0,1256
702,2022-11-04,22,0.01426,1259
703,2022-11-05,5985,1.8628099999999999,1771
704,2022-11-06,7404,2.83623,2098
705,2022-11-07,8831,5.91243,2022
706,2022-11-08,5846,3.7904099999999996,1690
707,2022-11-09,5817,3.61922,1702
708,2022-11-10,7067,4.56143,1747
709,2022-11-11,7874,5.0926,1791
710,2022-11-12,1464,0.97983,1404
711,2022-11-13,2099,1.37126,1459
712,2022-11-14,3387,2.19604,1562
713,2022-11-15,24,0.01556,1258
714,2022-11-16,7597,4.92578,1762
715,2022-11-17,7374,4.71296,1797
716,2022-11-18,13794,8.918759999999999,2111
717,2022-11-19,4,0.00259,1256
718,2022-11-20,2500,1.5529899999999999,1657
719,2022-11-21,5013,3.25024,1730
720,2022-11-22,5649,3.6626499999999997,1723
721,2022-11-23,8429,5.41983,1929
722,2022-11-24,6616,4.3027299999999995,1793
723,2022-11-25,10885,6.954669999999999,1947
724,2022-11-26,7840,5.32027,1769
725,2022-11-27,0,0.0,1255
726,2022-11-28,6451,4.171069999999999,1759
727,2022-11-29,14,0.00907,1259
728,2022-11-30,5749,3.7275199999999997,1811
729,2022-12-01,6128,3.9623199999999996,1726
